email;first_name;last_name;password;zip_code;is_admin
admin@home0wner.com;Admin;Admin;85d1a95721fb69800e0c9392ec2b23b1;90210;1
zilla@icloud.com;Caitlin;Holden;b7e8ed34c1b7ddde432da299b0454770;90008;0
mallanmba@yahoo.com;Rubi;Hickman;50d017be4f8912108b34e565935b0e73;70663;0
slaff@icloud.com;Franco;Wolf;15de5c97b17e08e073d6e906014d678a;1887;0
barnett@hotmail.com;Lillian;Owen;99d29cb51c71a222792d94ae576d53d1;15401;0
noticias@aol.com;Addisyn;Wiggins;17981825c33cce089a9ccf718e066334;32159;0
lcheng@att.net;Shyann;Martinez;16b9cddbc514332d623b98c5098e24fd;30281;0
crypt@att.net;Camryn;Martin;f5e8e406f295c6a0f8688f34e76dab6a;41051;0
boomzilla@mac.com;Aileen;Galvan;20a267a613f4fa3f8de218d75af5389a;6111;0
mxiao@hotmail.com;Giovani;Knapp;096b981edfde18941d420d6f6c0f7d4e;11720;0
kdawson@icloud.com;Ryder;Curtis;5906781cb1ff8f17c69eae1173c330fa;31204;0
rmcfarla@mac.com;Maximus;Kane;fbc0509c0d722e74c00befa8933b45f7;99504;0
mgemmons@verizon.net;Connor;Carey;a048beeb83b377e110296cd5b927551e;58501;0
adamk@yahoo.com;Aydan;Cordova;ce3fbde3484c5484b12ae7e67f373244;46526;0
frikazoyd@aol.com;Malia;Phelps;c8c5b4103f642fc01d4618c04d31ac8d;2026;0
mpiotr@gmail.com;Chase;Blair;f282a78be3da01844ff2905204776283;23228;0
bhima@gmail.com;Eden;Delgado;b7bd7240d54fa978c3a5e121dd21250d;6484;0
jyoliver@yahoo.com;Zachariah;Case;d6c22def97f261cec56f42f61b6fbab6;7060;0
csilvers@comcast.net;Omar;Daugherty;ed26e3ba1e33437d1657f31595567cc2;34698;0
russotto@me.com;Carolyn;Daniels;cffe264f019fd2ca662cb137a4c951f8;60148;0
mdielmann@yahoo.ca;Isabell;Guerra;518ddc8fcb359173ec74974902c1f356;48239;0
bjoern@mac.com;Kade;Santiago;8cc522641fb6c50d65fa30f63eb0ad14;85326;0
ajohnson@comcast.net;Jaylah;Salazar;da40cb6bd302fe05dbc7950928fbce68;30008;0
dmouse@icloud.com;Daniella;Bonilla;80a850edd4320d0ff4341d4a5e647ef3;60046;0
geekgrl@yahoo.com;Samuel;Cherry;caf543f6cb7e3ea2abf581ece0eb7cab;41018;0
galbra@att.net;Alena;Wiley;accb269c42419e6960698ba34ee521b2;55347;0
nogin@aol.com;Tomas;Bonilla;55250a93461d394e32e761eeda7d6dd6;97062;0
mhanoh@yahoo.com;Cherish;Curtis;a8c36f75d2d82ae0691003fab6e2bed2;43062;0
kannan@msn.com;Lawrence;Houston;c627328714c286951387d0781ad2e3da;95050;0
malattia@msn.com;Yandel;Norman;6a6545e215d2b3e1e8e389a51d1cca6a;6877;0
skoch@verizon.net;Arabella;Heath;2c4a95ce951096eba3d15a9dddce36cc;27893;0
cantu@att.net;Maddison;Marshall;131dc148d17e7e6904035b308a71e4f1;44224;0
bruck@icloud.com;Brooks;Hanson;e01d78aefd0b5cfaea68ab626da6b6e2;2740;0
dunstan@optonline.net;Frances;Pennington;601d65312be8a5588cba2bb2daa29458;49441;0
barjam@gmail.com;Jenna;Baxter;aca53b16fdbedf2b1fd5079561cf58ed;38017;0
gastown@aol.com;Edgar;Ortiz;50a21436e5f8eb86745c127f1577e086;29621;0
presoff@live.com;Demarcus;Wong;eee68c36ceb78805236b56672b1c8b04;37643;0
rgiersig@yahoo.ca;Alejandra;Warner;3f114358eca850ab3f04767b5dd14f67;30117;0
chunzi@verizon.net;Derrick;Daugherty;31696c5bc018af85c58777bbfec7083a;14701;0
elmer@live.com;Kenyon;Love;76daabfcf10327ddef99e7492a01035a;60446;0
meder@msn.com;Caiden;Pollard;96a986128a903f0aaf807745ad9b0bca;11372;0
juliano@sbcglobal.net;John;Villegas;dad3421c873c0131355b807f455c150b;46614;0
konit@gmail.com;Lance;Middleton;8a4970937aed522edf3f7ac912156a60;23320;0
retoh@comcast.net;Emelia;Kemp;8797cb540fae720d2cfe999ad08363fd;30274;0
miyop@att.net;Lindsey;Browning;9ec2c677efea9abd478287be035cee1a;18102;0
darin@optonline.net;Paul;Acevedo;3a33264b2ddb1ccbedb90757c6ed4641;60107;0
anicolao@yahoo.com;Leonidas;Ramos;efddb351b014af38117a283c2ac44f7d;11706;0
psharpe@mac.com;Jose;Holden;c0d7f7e4a00fca8b9fb03504bbe3f327;11373;0
noodles@comcast.net;Elliana;Chambers;5c8922d08eff0ad30cb4fe8990399107;22003;0
camenisch@yahoo.ca;Ashleigh;Cherry;7bbfb98b28ce32a8c948f37b87d5a3ce;18042;0